model,feature_subset,data_branch,tuning_branch,tuning_method,validation_type,augmentation_strategy,branch_id,n_features,MAE,RMSE,R2,MAPE_%,n_train,n_train_original,n_train_augmented,n_test,n_folds,notes
DummyRegressor,FUSION,N,ST,none,loeo,none,FUSION_N_ST,203,56.35555555555557,66.6823129787617,-0.23456790123456805,38.43096405818544,9,9,0,10,10,
Ridge,FUSION,N,ST,none,loeo,none,FUSION_N_ST,203,42.582849315296414,65.34621258152558,-0.1855899588109835,26.36629651673214,9,9,0,10,10,
Lasso,FUSION,N,ST,none,loeo,none,FUSION_N_ST,203,33.65520332639927,39.96315208925391,0.5565821808904043,21.652666110506306,9,9,0,10,10,
ElasticNet,FUSION,N,ST,none,loeo,none,FUSION_N_ST,203,26.959668383421928,37.8789022295076,0.6016283372215276,17.038140684518137,9,9,0,10,10,
SVR,FUSION,N,ST,none,loeo,none,FUSION_N_ST,203,60.24311227420817,69.56571176951118,-0.34364374890640415,39.16508645475763,9,9,0,10,10,
RandomForest,FUSION,N,ST,none,loeo,none,FUSION_N_ST,203,47.425946428571436,60.27082832346073,-0.008574515518013914,32.05050450187016,9,9,0,10,10,
XGBoost,FUSION,N,ST,none,loeo,none,FUSION_N_ST,203,46.552085876464844,58.679561493025105,0.04397909397707345,28.7624587436362,9,9,0,10,10,
MLP,FUSION,N,ST,none,loeo,none,FUSION_N_ST,203,167.32543296709997,360.68484654577077,-35.120143190487305,80.90940347924183,9,9,0,10,10,
DummyRegressor,FUSION,N,CT,none,loeo,none,FUSION_N_CT_random,203,56.35555555555557,66.6823129787617,-0.23456790123456805,38.43096405818544,9,9,0,10,10,
Ridge,FUSION,N,CT,random,loeo,none,FUSION_N_CT_random,203,40.2674121654201,63.250227271199115,-0.11075390993071044,23.88981752352984,9,9,0,10,10,
Lasso,FUSION,N,CT,random,loeo,none,FUSION_N_CT_random,203,27.860476740879683,42.52008452171821,0.49802520824000385,16.060348208903,9,9,0,10,10,
ElasticNet,FUSION,N,CT,random,loeo,none,FUSION_N_CT_random,203,27.663196671987066,37.43323032800222,0.6109474350126566,17.164442088324098,9,9,0,10,10,
SVR,FUSION,N,CT,random,loeo,none,FUSION_N_CT_random,203,51.17302999799375,64.42143668337691,-0.15227060195362174,34.98716081722705,9,9,0,10,10,
RandomForest,FUSION,N,CT,random,loeo,none,FUSION_N_CT_random,203,51.52915714285714,62.454073059739244,-0.08296695211171623,35.54927443784685,9,9,0,10,10,
XGBoost,FUSION,N,CT,random,loeo,none,FUSION_N_CT_random,203,43.632991027832034,60.60287587361608,-0.019718122368365343,27.012101899575867,9,9,0,10,10,
MLP,FUSION,N,CT,none,loeo,none,FUSION_N_CT_random,203,167.32543296709997,360.68484654577077,-35.120143190487305,80.90940347924183,9,9,0,10,10,
DummyRegressor,FUSION,N,CT,none,loeo,none,FUSION_N_CT_grid,203,56.35555555555557,66.6823129787617,-0.23456790123456805,38.43096405818544,9,9,0,10,10,
Ridge,FUSION,N,CT,grid,loeo,none,FUSION_N_CT_grid,203,40.2674121654201,63.250227271199115,-0.11075390993071044,23.88981752352984,9,9,0,10,10,
Lasso,FUSION,N,CT,grid,loeo,none,FUSION_N_CT_grid,203,27.860476740879683,42.52008452171821,0.49802520824000385,16.060348208903,9,9,0,10,10,
ElasticNet,FUSION,N,CT,grid,loeo,none,FUSION_N_CT_grid,203,27.663196671987066,37.43323032800222,0.6109474350126566,17.164442088324098,9,9,0,10,10,
SVR,FUSION,N,CT,grid,loeo,none,FUSION_N_CT_grid,203,51.17302999799375,64.42143668337691,-0.15227060195362174,34.98716081722705,9,9,0,10,10,
RandomForest,FUSION,N,CT,grid,loeo,none,FUSION_N_CT_grid,203,51.52915714285714,62.454073059739244,-0.08296695211171623,35.54927443784685,9,9,0,10,10,
XGBoost,FUSION,N,CT,grid,loeo,none,FUSION_N_CT_grid,203,46.53413848876953,59.61825509581138,0.013147622180354257,29.625563979782427,9,9,0,10,10,
MLP,FUSION,N,CT,none,loeo,none,FUSION_N_CT_grid,203,167.32543296709997,360.68484654577077,-35.120143190487305,80.90940347924183,9,9,0,10,10,
DummyRegressor,FUSION,A,ST,none,loeo,feature_noise,FUSION_A_ST_feature_noise,203,56.35555555555557,66.6823129787617,-0.23456790123456805,38.43096405818544,36,9,27,10,10,
Ridge,FUSION,A,ST,none,loeo,feature_noise,FUSION_A_ST_feature_noise,203,43.24379058988059,65.25279451387938,-0.18220257486640068,27.14617301002954,36,9,27,10,10,
Lasso,FUSION,A,ST,none,loeo,feature_noise,FUSION_A_ST_feature_noise,203,33.76470611813842,40.043827934874066,0.554790069195905,21.666762231663945,36,9,27,10,10,
ElasticNet,FUSION,A,ST,none,loeo,feature_noise,FUSION_A_ST_feature_noise,203,26.923591628458468,37.89671760708791,0.6012535211549672,16.99298465716858,36,9,27,10,10,
SVR,FUSION,A,ST,none,loeo,feature_noise,FUSION_A_ST_feature_noise,203,53.67230013883481,65.34624766697445,-0.18559123193655291,34.88253605186713,36,9,27,10,10,
RandomForest,FUSION,A,ST,none,loeo,feature_noise,FUSION_A_ST_feature_noise,203,52.8051107142857,65.79318209407236,-0.20186434980905155,34.24667247122933,36,9,27,10,10,
XGBoost,FUSION,A,ST,none,loeo,feature_noise,FUSION_A_ST_feature_noise,203,54.03581848144531,70.33116761697212,-0.3733755926708373,34.82644854303633,36,9,27,10,10,
MLP,FUSION,A,ST,none,loeo,feature_noise,FUSION_A_ST_feature_noise,203,162.26953921491787,347.87750455825153,-32.60054812537346,79.38842953058452,36,9,27,10,10,
DummyRegressor,FUSION,A,CT,none,loeo,feature_noise,FUSION_A_CT_random_feature_noise,203,56.35555555555557,66.6823129787617,-0.23456790123456805,38.43096405818544,36,9,27,10,10,
Ridge,FUSION,A,CT,random,loeo,feature_noise,FUSION_A_CT_random_feature_noise,203,41.51559510077402,64.01920604083557,-0.13792656838843897,25.419786505838417,36,9,27,10,10,
Lasso,FUSION,A,CT,random,loeo,feature_noise,FUSION_A_CT_random_feature_noise,203,35.983168579219885,48.208122937150755,0.354740936303946,22.197747111771655,36,9,27,10,10,
ElasticNet,FUSION,A,CT,random,loeo,feature_noise,FUSION_A_CT_random_feature_noise,203,36.62542542163622,55.88015521577351,0.13302040238362012,22.002929265498,36,9,27,10,10,
SVR,FUSION,A,CT,random,loeo,feature_noise,FUSION_A_CT_random_feature_noise,203,53.67230013883481,65.34624766697445,-0.18559123193655291,34.88253605186713,36,9,27,10,10,
RandomForest,FUSION,A,CT,random,loeo,feature_noise,FUSION_A_CT_random_feature_noise,203,52.61800000000001,65.76049045589609,-0.2006702700676628,34.18889067753754,36,9,27,10,10,
XGBoost,FUSION,A,CT,random,loeo,feature_noise,FUSION_A_CT_random_feature_noise,203,49.46134033203125,59.90532176870392,0.0036211955465486056,31.369174258843373,36,9,27,10,10,
MLP,FUSION,A,CT,none,loeo,feature_noise,FUSION_A_CT_random_feature_noise,203,162.26953921491787,347.87750455825153,-32.60054812537346,79.38842953058452,36,9,27,10,10,
DummyRegressor,FUSION,A,CT,none,loeo,feature_noise,FUSION_A_CT_grid_feature_noise,203,56.35555555555557,66.6823129787617,-0.23456790123456805,38.43096405818544,36,9,27,10,10,
Ridge,FUSION,A,CT,grid,loeo,feature_noise,FUSION_A_CT_grid_feature_noise,203,41.51559510077402,64.01920604083557,-0.13792656838843897,25.419786505838417,36,9,27,10,10,
Lasso,FUSION,A,CT,grid,loeo,feature_noise,FUSION_A_CT_grid_feature_noise,203,35.983168579219885,48.208122937150755,0.354740936303946,22.197747111771655,36,9,27,10,10,
ElasticNet,FUSION,A,CT,grid,loeo,feature_noise,FUSION_A_CT_grid_feature_noise,203,36.62542542163622,55.88015521577351,0.13302040238362012,22.002929265498,36,9,27,10,10,
SVR,FUSION,A,CT,grid,loeo,feature_noise,FUSION_A_CT_grid_feature_noise,203,53.744260977424496,65.40412065353831,-0.18769216630598362,34.946902750369084,36,9,27,10,10,
RandomForest,FUSION,A,CT,grid,loeo,feature_noise,FUSION_A_CT_grid_feature_noise,203,52.61800000000001,65.76049045589609,-0.2006702700676628,34.18889067753754,36,9,27,10,10,
XGBoost,FUSION,A,CT,grid,loeo,feature_noise,FUSION_A_CT_grid_feature_noise,203,51.489996337890624,62.83440995587233,-0.09619736137830515,32.41715345139697,36,9,27,10,10,
MLP,FUSION,A,CT,none,loeo,feature_noise,FUSION_A_CT_grid_feature_noise,203,162.26953921491787,347.87750455825153,-32.60054812537346,79.38842953058452,36,9,27,10,10,
DummyRegressor,FUSION,A,ST,none,loeo,feature_scaling,FUSION_A_ST_feature_scaling,203,56.35555555555557,66.6823129787617,-0.23456790123456805,38.43096405818544,36,9,27,10,10,
Ridge,FUSION,A,ST,none,loeo,feature_scaling,FUSION_A_ST_feature_scaling,203,46.00336071357373,77.7613971521235,-0.6788882127696385,26.70818936403565,36,9,27,10,10,
Lasso,FUSION,A,ST,none,loeo,feature_scaling,FUSION_A_ST_feature_scaling,203,35.14329796436041,41.3205696328452,0.5259476871183225,22.013045688510154,36,9,27,10,10,
ElasticNet,FUSION,A,ST,none,loeo,feature_scaling,FUSION_A_ST_feature_scaling,203,27.06774582778623,37.06400834724107,0.6185844104394449,17.313597773414575,36,9,27,10,10,
SVR,FUSION,A,ST,none,loeo,feature_scaling,FUSION_A_ST_feature_scaling,203,53.72882655728129,65.37414522994081,-0.1866037511683103,34.94860487631025,36,9,27,10,10,
RandomForest,FUSION,A,ST,none,loeo,feature_scaling,FUSION_A_ST_feature_scaling,203,56.158825,67.8799349312459,-0.2793120913432796,37.18069892421093,36,9,27,10,10,
XGBoost,FUSION,A,ST,none,loeo,feature_scaling,FUSION_A_ST_feature_scaling,203,56.252793884277345,72.04039832118315,-0.4409399449354965,36.870880506937624,36,9,27,10,10,
MLP,FUSION,A,ST,none,loeo,feature_scaling,FUSION_A_ST_feature_scaling,203,181.91200927884802,413.70092144666427,-46.51892928203679,84.43604686048722,36,9,27,10,10,
DummyRegressor,FUSION,A,CT,none,loeo,feature_scaling,FUSION_A_CT_random_feature_scaling,203,56.35555555555557,66.6823129787617,-0.23456790123456805,38.43096405818544,36,9,27,10,10,
Ridge,FUSION,A,CT,random,loeo,feature_scaling,FUSION_A_CT_random_feature_scaling,203,43.120823626013006,68.93643390002389,-0.3194450157710307,25.79234720762974,36,9,27,10,10,
Lasso,FUSION,A,CT,random,loeo,feature_scaling,FUSION_A_CT_random_feature_scaling,203,35.14329796436041,41.3205696328452,0.5259476871183225,22.013045688510154,36,9,27,10,10,
ElasticNet,FUSION,A,CT,random,loeo,feature_scaling,FUSION_A_CT_random_feature_scaling,203,27.338270191138395,34.32510922172062,0.6728721452753985,17.95963096601616,36,9,27,10,10,
SVR,FUSION,A,CT,random,loeo,feature_scaling,FUSION_A_CT_random_feature_scaling,203,53.72882655728129,65.37414522994081,-0.1866037511683103,34.94860487631025,36,9,27,10,10,
RandomForest,FUSION,A,CT,random,loeo,feature_scaling,FUSION_A_CT_random_feature_scaling,203,56.57054877344876,67.9553400149958,-0.28215594250301623,37.4494611880735,36,9,27,10,10,
XGBoost,FUSION,A,CT,random,loeo,feature_scaling,FUSION_A_CT_random_feature_scaling,203,46.61649627685547,56.52819622887115,0.11279511315805568,28.604263164883985,36,9,27,10,10,
MLP,FUSION,A,CT,none,loeo,feature_scaling,FUSION_A_CT_random_feature_scaling,203,181.91200927884802,413.70092144666427,-46.51892928203679,84.43604686048722,36,9,27,10,10,
DummyRegressor,FUSION,A,CT,none,loeo,feature_scaling,FUSION_A_CT_grid_feature_scaling,203,56.35555555555557,66.6823129787617,-0.23456790123456805,38.43096405818544,36,9,27,10,10,
Ridge,FUSION,A,CT,grid,loeo,feature_scaling,FUSION_A_CT_grid_feature_scaling,203,43.120823626013006,68.93643390002389,-0.3194450157710307,25.79234720762974,36,9,27,10,10,
Lasso,FUSION,A,CT,grid,loeo,feature_scaling,FUSION_A_CT_grid_feature_scaling,203,35.14329796436041,41.3205696328452,0.5259476871183225,22.013045688510154,36,9,27,10,10,
ElasticNet,FUSION,A,CT,grid,loeo,feature_scaling,FUSION_A_CT_grid_feature_scaling,203,27.338270191138395,34.32510922172062,0.6728721452753985,17.95963096601616,36,9,27,10,10,
SVR,FUSION,A,CT,grid,loeo,feature_scaling,FUSION_A_CT_grid_feature_scaling,203,53.88025844387572,65.48391396533992,-0.19059191330182257,35.06314783415158,36,9,27,10,10,
RandomForest,FUSION,A,CT,grid,loeo,feature_scaling,FUSION_A_CT_grid_feature_scaling,203,56.57054877344876,67.9553400149958,-0.28215594250301623,37.4494611880735,36,9,27,10,10,
XGBoost,FUSION,A,CT,grid,loeo,feature_scaling,FUSION_A_CT_grid_feature_scaling,203,45.762108612060544,54.28856783257799,0.1817039786010396,28.171176003283033,36,9,27,10,10,
MLP,FUSION,A,CT,none,loeo,feature_scaling,FUSION_A_CT_grid_feature_scaling,203,181.91200927884802,413.70092144666427,-46.51892928203679,84.43604686048722,36,9,27,10,10,
DummyRegressor,FUSION,A,ST,none,loeo,grouped_scaling,FUSION_A_ST_grouped_scaling,203,56.35555555555557,66.6823129787617,-0.23456790123456805,38.43096405818544,36,9,27,10,10,
Ridge,FUSION,A,ST,none,loeo,grouped_scaling,FUSION_A_ST_grouped_scaling,203,44.066750006888945,73.20332009565948,-0.4878365636763804,25.74040983782538,36,9,27,10,10,
Lasso,FUSION,A,ST,none,loeo,grouped_scaling,FUSION_A_ST_grouped_scaling,203,33.90907477231404,44.87365117651112,0.4409167446639779,20.066789481238906,36,9,27,10,10,
ElasticNet,FUSION,A,ST,none,loeo,grouped_scaling,FUSION_A_ST_grouped_scaling,203,27.03587644172104,37.98051063313109,0.5994882435874871,17.174476760342607,36,9,27,10,10,
SVR,FUSION,A,ST,none,loeo,grouped_scaling,FUSION_A_ST_grouped_scaling,203,53.631246931476674,65.24517050710853,-0.18192633860817087,34.87739859627544,36,9,27,10,10,
RandomForest,FUSION,A,ST,none,loeo,grouped_scaling,FUSION_A_ST_grouped_scaling,203,55.885895634920644,67.80231768418419,-0.2763881076236534,37.00876589588356,36,9,27,10,10,
XGBoost,FUSION,A,ST,none,loeo,grouped_scaling,FUSION_A_ST_grouped_scaling,203,55.538117218017575,67.79363345820694,-0.27606116502689426,34.92044155482043,36,9,27,10,10,
MLP,FUSION,A,ST,none,loeo,grouped_scaling,FUSION_A_ST_grouped_scaling,203,173.353264724505,400.8193463984215,-43.605767972051396,79.33857555106289,36,9,27,10,10,
DummyRegressor,FUSION,A,CT,none,loeo,grouped_scaling,FUSION_A_CT_random_grouped_scaling,203,56.35555555555557,66.6823129787617,-0.23456790123456805,38.43096405818544,36,9,27,10,10,
Ridge,FUSION,A,CT,random,loeo,grouped_scaling,FUSION_A_CT_random_grouped_scaling,203,59.68787931495672,127.9657371158279,-3.5465406172094696,28.133336835702373,36,9,27,10,10,
Lasso,FUSION,A,CT,random,loeo,grouped_scaling,FUSION_A_CT_random_grouped_scaling,203,34.239888974183074,44.310608998353324,0.4548586719554014,19.782111653013178,36,9,27,10,10,
ElasticNet,FUSION,A,CT,random,loeo,grouped_scaling,FUSION_A_CT_random_grouped_scaling,203,28.631686605249296,38.036378719128216,0.598309097655559,18.106731613098813,36,9,27,10,10,
SVR,FUSION,A,CT,random,loeo,grouped_scaling,FUSION_A_CT_random_grouped_scaling,203,53.631246931476674,65.24517050710853,-0.18192633860817087,34.87739859627544,36,9,27,10,10,
RandomForest,FUSION,A,CT,random,loeo,grouped_scaling,FUSION_A_CT_random_grouped_scaling,203,56.291590043290036,68.0155095317642,-0.2844274595718972,37.35250951521191,36,9,27,10,10,
XGBoost,FUSION,A,CT,random,loeo,grouped_scaling,FUSION_A_CT_random_grouped_scaling,203,47.102447509765625,61.26408132272717,-0.042090701953174214,28.54700715769048,36,9,27,10,10,
MLP,FUSION,A,CT,none,loeo,grouped_scaling,FUSION_A_CT_random_grouped_scaling,203,173.353264724505,400.8193463984215,-43.605767972051396,79.33857555106289,36,9,27,10,10,
DummyRegressor,FUSION,A,CT,none,loeo,grouped_scaling,FUSION_A_CT_grid_grouped_scaling,203,56.35555555555557,66.6823129787617,-0.23456790123456805,38.43096405818544,36,9,27,10,10,
Ridge,FUSION,A,CT,grid,loeo,grouped_scaling,FUSION_A_CT_grid_grouped_scaling,203,59.68787931495672,127.9657371158279,-3.5465406172094696,28.133336835702373,36,9,27,10,10,
Lasso,FUSION,A,CT,grid,loeo,grouped_scaling,FUSION_A_CT_grid_grouped_scaling,203,34.239888974183074,44.310608998353324,0.4548586719554014,19.782111653013178,36,9,27,10,10,
ElasticNet,FUSION,A,CT,grid,loeo,grouped_scaling,FUSION_A_CT_grid_grouped_scaling,203,28.631686605249296,38.036378719128216,0.598309097655559,18.106731613098813,36,9,27,10,10,
SVR,FUSION,A,CT,grid,loeo,grouped_scaling,FUSION_A_CT_grid_grouped_scaling,203,53.69852809659271,65.3002582667731,-0.18392302771956137,34.914946849680234,36,9,27,10,10,
RandomForest,FUSION,A,CT,grid,loeo,grouped_scaling,FUSION_A_CT_grid_grouped_scaling,203,55.885895634920644,67.80231768418419,-0.2763881076236534,37.00876589588356,36,9,27,10,10,
XGBoost,FUSION,A,CT,grid,loeo,grouped_scaling,FUSION_A_CT_grid_grouped_scaling,203,49.96862030029297,62.23598125061841,-0.07541664113994417,31.17428970647897,36,9,27,10,10,
MLP,FUSION,A,CT,none,loeo,grouped_scaling,FUSION_A_CT_grid_grouped_scaling,203,173.353264724505,400.8193463984215,-43.605767972051396,79.33857555106289,36,9,27,10,10,
DummyRegressor,SOLO_A,N,ST,none,loeo,none,SOLO_A_N_ST,101,56.35555555555557,66.6823129787617,-0.23456790123456805,38.43096405818544,9,9,0,10,10,
Ridge,SOLO_A,N,ST,none,loeo,none,SOLO_A_N_ST,101,26.12881150058157,32.014206578279534,0.715436524843405,18.660413903313625,9,9,0,10,10,
Lasso,SOLO_A,N,ST,none,loeo,none,SOLO_A_N_ST,101,31.320645966276466,42.81605893859269,0.491012579363287,19.73360522986529,9,9,0,10,10,
ElasticNet,SOLO_A,N,ST,none,loeo,none,SOLO_A_N_ST,101,21.630867359730615,29.111669986024843,0.7646967591949281,14.83546916092336,9,9,0,10,10,
SVR,SOLO_A,N,ST,none,loeo,none,SOLO_A_N_ST,101,63.22877640606871,72.435452426922,-0.45678688845871807,41.08606717060576,9,9,0,10,10,
RandomForest,SOLO_A,N,ST,none,loeo,none,SOLO_A_N_ST,101,52.705002380952365,62.73173022808753,-0.0926176260060001,36.270643577884464,9,9,0,10,10,
XGBoost,SOLO_A,N,ST,none,loeo,none,SOLO_A_N_ST,101,50.874935913085935,64.24974411253773,-0.14613684646001635,31.72922565800109,9,9,0,10,10,
MLP,SOLO_A,N,ST,none,loeo,none,SOLO_A_N_ST,101,185.56489114068694,292.9567716573119,-22.828722088762323,119.27951530722432,9,9,0,10,10,
DummyRegressor,SOLO_A,N,CT,none,loeo,none,SOLO_A_N_CT_random,101,56.35555555555557,66.6823129787617,-0.23456790123456805,38.43096405818544,9,9,0,10,10,
Ridge,SOLO_A,N,CT,random,loeo,none,SOLO_A_N_CT_random,101,26.12881150058157,32.014206578279534,0.715436524843405,18.660413903313625,9,9,0,10,10,
Lasso,SOLO_A,N,CT,random,loeo,none,SOLO_A_N_CT_random,101,31.320645966276466,42.81605893859269,0.491012579363287,19.73360522986529,9,9,0,10,10,
ElasticNet,SOLO_A,N,CT,random,loeo,none,SOLO_A_N_CT_random,101,18.789539381237695,25.649826156232226,0.8173319797525787,14.052371162921615,9,9,0,10,10,
SVR,SOLO_A,N,CT,random,loeo,none,SOLO_A_N_CT_random,101,53.38512031010574,65.04224817773778,-0.17458583276584938,36.262648966515876,9,9,0,10,10,
RandomForest,SOLO_A,N,CT,random,loeo,none,SOLO_A_N_CT_random,101,53.874211111111094,63.096259277441874,-0.10535274685110885,37.93677265622604,9,9,0,10,10,
XGBoost,SOLO_A,N,CT,random,loeo,none,SOLO_A_N_CT_random,101,49.202093505859374,61.50103355653619,-0.05016731826508969,32.15032580790901,9,9,0,10,10,
MLP,SOLO_A,N,CT,none,loeo,none,SOLO_A_N_CT_random,101,185.56489114068694,292.9567716573119,-22.828722088762323,119.27951530722432,9,9,0,10,10,
DummyRegressor,SOLO_A,N,CT,none,loeo,none,SOLO_A_N_CT_grid,101,56.35555555555557,66.6823129787617,-0.23456790123456805,38.43096405818544,9,9,0,10,10,
Ridge,SOLO_A,N,CT,grid,loeo,none,SOLO_A_N_CT_grid,101,26.12881150058157,32.014206578279534,0.715436524843405,18.660413903313625,9,9,0,10,10,
Lasso,SOLO_A,N,CT,grid,loeo,none,SOLO_A_N_CT_grid,101,31.320645966276466,42.81605893859269,0.491012579363287,19.73360522986529,9,9,0,10,10,
ElasticNet,SOLO_A,N,CT,grid,loeo,none,SOLO_A_N_CT_grid,101,18.789539381237695,25.649826156232226,0.8173319797525787,14.052371162921615,9,9,0,10,10,
SVR,SOLO_A,N,CT,grid,loeo,none,SOLO_A_N_CT_grid,101,53.38512031010574,65.04224817773778,-0.17458583276584938,36.262648966515876,9,9,0,10,10,
RandomForest,SOLO_A,N,CT,grid,loeo,none,SOLO_A_N_CT_grid,101,53.874211111111094,63.096259277441874,-0.10535274685110863,37.936772656226026,9,9,0,10,10,
XGBoost,SOLO_A,N,CT,grid,loeo,none,SOLO_A_N_CT_grid,101,48.35119476318359,60.78597171540688,-0.025889056911129193,30.918736666932467,9,9,0,10,10,
MLP,SOLO_A,N,CT,none,loeo,none,SOLO_A_N_CT_grid,101,185.56489114068694,292.9567716573119,-22.828722088762323,119.27951530722432,9,9,0,10,10,
DummyRegressor,SOLO_A,A,ST,none,loeo,feature_noise,SOLO_A_A_ST_feature_noise,101,56.35555555555557,66.6823129787617,-0.23456790123456805,38.43096405818544,36,9,27,10,10,
Ridge,SOLO_A,A,ST,none,loeo,feature_noise,SOLO_A_A_ST_feature_noise,101,28.603224214663634,36.22207235385652,0.6357158651610726,19.513709228641567,36,9,27,10,10,
Lasso,SOLO_A,A,ST,none,loeo,feature_noise,SOLO_A_A_ST_feature_noise,101,31.680278886695056,43.190913460932975,0.48206119749623055,19.978557275274305,36,9,27,10,10,
ElasticNet,SOLO_A,A,ST,none,loeo,feature_noise,SOLO_A_A_ST_feature_noise,101,21.238655974199922,28.63049728687949,0.772410902966659,14.683730807362135,36,9,27,10,10,
SVR,SOLO_A,A,ST,none,loeo,feature_noise,SOLO_A_A_ST_feature_noise,101,57.297797631800584,67.99391710376507,-0.283612071864507,37.17701425589714,36,9,27,10,10,
RandomForest,SOLO_A,A,ST,none,loeo,feature_noise,SOLO_A_A_ST_feature_noise,101,52.26821091269843,65.41757366860706,-0.1881808108659082,33.511224317157385,36,9,27,10,10,
XGBoost,SOLO_A,A,ST,none,loeo,feature_noise,SOLO_A_A_ST_feature_noise,101,59.916256713867185,69.70491841084231,-0.3490266099142856,38.83725036534508,36,9,27,10,10,
MLP,SOLO_A,A,ST,none,loeo,feature_noise,SOLO_A_A_ST_feature_noise,101,193.2898681024539,305.4925601743671,-24.911642679378097,120.44114074503133,36,9,27,10,10,
DummyRegressor,SOLO_A,A,CT,none,loeo,feature_noise,SOLO_A_A_CT_random_feature_noise,101,56.35555555555557,66.6823129787617,-0.23456790123456805,38.43096405818544,36,9,27,10,10,
Ridge,SOLO_A,A,CT,random,loeo,feature_noise,SOLO_A_A_CT_random_feature_noise,101,28.68194236240971,36.51560067121082,0.6297879350029203,19.60260640058056,36,9,27,10,10,
Lasso,SOLO_A,A,CT,random,loeo,feature_noise,SOLO_A_A_CT_random_feature_noise,101,31.680278886695056,43.190913460932975,0.48206119749623055,19.978557275274305,36,9,27,10,10,
ElasticNet,SOLO_A,A,CT,random,loeo,feature_noise,SOLO_A_A_CT_random_feature_noise,101,26.864211235969332,34.46415651711433,0.6702164582637167,18.400429010059323,36,9,27,10,10,
SVR,SOLO_A,A,CT,random,loeo,feature_noise,SOLO_A_A_CT_random_feature_noise,101,53.04782384240234,64.72630717631542,-0.1632025079012187,36.11902342781449,36,9,27,10,10,
RandomForest,SOLO_A,A,CT,random,loeo,feature_noise,SOLO_A_A_CT_random_feature_noise,101,53.18571650571649,64.93757261962675,-0.17080824216667634,34.5623368916417,36,9,27,10,10,
XGBoost,SOLO_A,A,CT,random,loeo,feature_noise,SOLO_A_A_CT_random_feature_noise,101,50.14956512451172,60.55001380417441,-0.0179399592096241,30.93955394336169,36,9,27,10,10,
MLP,SOLO_A,A,CT,none,loeo,feature_noise,SOLO_A_A_CT_random_feature_noise,101,193.2898681024539,305.4925601743671,-24.911642679378097,120.44114074503133,36,9,27,10,10,
DummyRegressor,SOLO_A,A,CT,none,loeo,feature_noise,SOLO_A_A_CT_grid_feature_noise,101,56.35555555555557,66.6823129787617,-0.23456790123456805,38.43096405818544,36,9,27,10,10,
Ridge,SOLO_A,A,CT,grid,loeo,feature_noise,SOLO_A_A_CT_grid_feature_noise,101,28.68194236240971,36.51560067121082,0.6297879350029203,19.60260640058056,36,9,27,10,10,
Lasso,SOLO_A,A,CT,grid,loeo,feature_noise,SOLO_A_A_CT_grid_feature_noise,101,31.680278886695056,43.190913460932975,0.48206119749623055,19.978557275274305,36,9,27,10,10,
ElasticNet,SOLO_A,A,CT,grid,loeo,feature_noise,SOLO_A_A_CT_grid_feature_noise,101,26.864211235969332,34.46415651711433,0.6702164582637167,18.400429010059323,36,9,27,10,10,
SVR,SOLO_A,A,CT,grid,loeo,feature_noise,SOLO_A_A_CT_grid_feature_noise,101,53.04782384240234,64.72630717631542,-0.1632025079012187,36.11902342781449,36,9,27,10,10,
RandomForest,SOLO_A,A,CT,grid,loeo,feature_noise,SOLO_A_A_CT_grid_feature_noise,101,52.94,64.29669789343772,-0.14781265461491677,34.310597483075895,36,9,27,10,10,
XGBoost,SOLO_A,A,CT,grid,loeo,feature_noise,SOLO_A_A_CT_grid_feature_noise,101,49.69487609863281,60.84667853015873,-0.027939186368754143,30.961003165346533,36,9,27,10,10,
MLP,SOLO_A,A,CT,none,loeo,feature_noise,SOLO_A_A_CT_grid_feature_noise,101,193.2898681024539,305.4925601743671,-24.911642679378097,120.44114074503133,36,9,27,10,10,
DummyRegressor,SOLO_A,A,ST,none,loeo,feature_scaling,SOLO_A_A_ST_feature_scaling,101,56.35555555555557,66.6823129787617,-0.23456790123456805,38.43096405818544,36,9,27,10,10,
Ridge,SOLO_A,A,ST,none,loeo,feature_scaling,SOLO_A_A_ST_feature_scaling,101,23.885003115543157,31.3396118683617,0.7273026629000392,16.20636779850405,36,9,27,10,10,
Lasso,SOLO_A,A,ST,none,loeo,feature_scaling,SOLO_A_A_ST_feature_scaling,101,32.493626329033454,42.27838194131028,0.5037158723889865,20.20714262154127,36,9,27,10,10,
ElasticNet,SOLO_A,A,ST,none,loeo,feature_scaling,SOLO_A_A_ST_feature_scaling,101,25.075215884189376,32.2579774717069,0.711086431490453,17.19093009982847,36,9,27,10,10,
SVR,SOLO_A,A,ST,none,loeo,feature_scaling,SOLO_A_A_ST_feature_scaling,101,57.32033565354137,67.97754416859148,-0.282993958722934,37.19706234735295,36,9,27,10,10,
RandomForest,SOLO_A,A,ST,none,loeo,feature_scaling,SOLO_A_A_ST_feature_scaling,101,51.09998611111112,62.282086471849304,-0.0770105964941219,33.10640728430515,36,9,27,10,10,
XGBoost,SOLO_A,A,ST,none,loeo,feature_scaling,SOLO_A_A_ST_feature_scaling,101,60.43984527587891,70.69396681973102,-0.38758109240640626,39.83507499489762,36,9,27,10,10,
MLP,SOLO_A,A,ST,none,loeo,feature_scaling,SOLO_A_A_ST_feature_scaling,101,193.61989992944444,325.16445879258293,-28.35619813528465,112.53984252492579,36,9,27,10,10,
DummyRegressor,SOLO_A,A,CT,none,loeo,feature_scaling,SOLO_A_A_CT_random_feature_scaling,101,56.35555555555557,66.6823129787617,-0.23456790123456805,38.43096405818544,36,9,27,10,10,
Ridge,SOLO_A,A,CT,random,loeo,feature_scaling,SOLO_A_A_CT_random_feature_scaling,101,24.631548165110743,31.233786785640778,0.7291411984454885,18.893798494980516,36,9,27,10,10,
Lasso,SOLO_A,A,CT,random,loeo,feature_scaling,SOLO_A_A_CT_random_feature_scaling,101,33.69799136855769,42.600283447650455,0.4961298307682891,22.609999436225827,36,9,27,10,10,
ElasticNet,SOLO_A,A,CT,random,loeo,feature_scaling,SOLO_A_A_CT_random_feature_scaling,101,22.220470106637343,28.686936786670582,0.7715127225823339,17.117982767073162,36,9,27,10,10,
SVR,SOLO_A,A,CT,random,loeo,feature_scaling,SOLO_A_A_CT_random_feature_scaling,101,53.0014367125646,64.7106845241934,-0.16264106338682205,36.103154309103594,36,9,27,10,10,
RandomForest,SOLO_A,A,CT,random,loeo,feature_scaling,SOLO_A_A_CT_random_feature_scaling,101,51.67747142857142,61.54837713697075,-0.051784781087429455,33.9304742463885,36,9,27,10,10,
XGBoost,SOLO_A,A,CT,random,loeo,feature_scaling,SOLO_A_A_CT_random_feature_scaling,101,46.379144287109376,57.17875660049833,0.09225663330852152,27.780211621236973,36,9,27,10,10,
MLP,SOLO_A,A,CT,none,loeo,feature_scaling,SOLO_A_A_CT_random_feature_scaling,101,193.61989992944444,325.16445879258293,-28.35619813528465,112.53984252492579,36,9,27,10,10,
DummyRegressor,SOLO_A,A,CT,none,loeo,feature_scaling,SOLO_A_A_CT_grid_feature_scaling,101,56.35555555555557,66.6823129787617,-0.23456790123456805,38.43096405818544,36,9,27,10,10,
Ridge,SOLO_A,A,CT,grid,loeo,feature_scaling,SOLO_A_A_CT_grid_feature_scaling,101,24.631548165110743,31.233786785640778,0.7291411984454885,18.893798494980516,36,9,27,10,10,
Lasso,SOLO_A,A,CT,grid,loeo,feature_scaling,SOLO_A_A_CT_grid_feature_scaling,101,33.69799136855769,42.600283447650455,0.4961298307682891,22.609999436225827,36,9,27,10,10,
ElasticNet,SOLO_A,A,CT,grid,loeo,feature_scaling,SOLO_A_A_CT_grid_feature_scaling,101,22.220470106637343,28.686936786670582,0.7715127225823339,17.117982767073162,36,9,27,10,10,
SVR,SOLO_A,A,CT,grid,loeo,feature_scaling,SOLO_A_A_CT_grid_feature_scaling,101,53.0014367125646,64.7106845241934,-0.16264106338682205,36.103154309103594,36,9,27,10,10,
RandomForest,SOLO_A,A,CT,grid,loeo,feature_scaling,SOLO_A_A_CT_grid_feature_scaling,101,51.446000000000005,61.59419615515735,-0.05335134339712755,33.94157728316458,36,9,27,10,10,
XGBoost,SOLO_A,A,CT,grid,loeo,feature_scaling,SOLO_A_A_CT_grid_feature_scaling,101,46.92334747314453,59.21318513297832,0.02651219466629151,28.363421420253843,36,9,27,10,10,
MLP,SOLO_A,A,CT,none,loeo,feature_scaling,SOLO_A_A_CT_grid_feature_scaling,101,193.61989992944444,325.16445879258293,-28.35619813528465,112.53984252492579,36,9,27,10,10,
DummyRegressor,SOLO_A,A,ST,none,loeo,grouped_scaling,SOLO_A_A_ST_grouped_scaling,101,56.35555555555557,66.6823129787617,-0.23456790123456805,38.43096405818544,36,9,27,10,10,
Ridge,SOLO_A,A,ST,none,loeo,grouped_scaling,SOLO_A_A_ST_grouped_scaling,101,24.811604762018018,32.64886621390873,0.7040421399249488,16.52914304723631,36,9,27,10,10,
Lasso,SOLO_A,A,ST,none,loeo,grouped_scaling,SOLO_A_A_ST_grouped_scaling,101,30.967162308561182,44.821454343182246,0.44221663456933535,19.291912954847064,36,9,27,10,10,
ElasticNet,SOLO_A,A,ST,none,loeo,grouped_scaling,SOLO_A_A_ST_grouped_scaling,101,23.90532808286401,30.554995793407375,0.7407861953874035,16.650082146980242,36,9,27,10,10,
SVR,SOLO_A,A,ST,none,loeo,grouped_scaling,SOLO_A_A_ST_grouped_scaling,101,57.46315159803612,68.05924029037416,-0.2860796428629029,37.29634181822653,36,9,27,10,10,
RandomForest,SOLO_A,A,ST,none,loeo,grouped_scaling,SOLO_A_A_ST_grouped_scaling,101,52.78024107142859,63.61472774317785,-0.1235929760303196,34.33094883026866,36,9,27,10,10,
XGBoost,SOLO_A,A,ST,none,loeo,grouped_scaling,SOLO_A_A_ST_grouped_scaling,101,59.82935638427735,67.3483990200986,-0.2593551501018736,37.20775316893693,36,9,27,10,10,
MLP,SOLO_A,A,ST,none,loeo,grouped_scaling,SOLO_A_A_ST_grouped_scaling,101,180.55934184971215,292.4107172145575,-22.73997416266583,108.0077912918165,36,9,27,10,10,
DummyRegressor,SOLO_A,A,CT,none,loeo,grouped_scaling,SOLO_A_A_CT_random_grouped_scaling,101,56.35555555555557,66.6823129787617,-0.23456790123456805,38.43096405818544,36,9,27,10,10,
Ridge,SOLO_A,A,CT,random,loeo,grouped_scaling,SOLO_A_A_CT_random_grouped_scaling,101,22.739947537205484,30.93283900078574,0.7343356789039226,17.286024447238688,36,9,27,10,10,
Lasso,SOLO_A,A,CT,random,loeo,grouped_scaling,SOLO_A_A_CT_random_grouped_scaling,101,29.465169367714743,47.0245903434833,0.38603486225288053,15.722409732062134,36,9,27,10,10,
ElasticNet,SOLO_A,A,CT,random,loeo,grouped_scaling,SOLO_A_A_CT_random_grouped_scaling,101,23.527293275767406,29.285454022415074,0.7618790575260538,16.75249732401313,36,9,27,10,10,
SVR,SOLO_A,A,CT,random,loeo,grouped_scaling,SOLO_A_A_CT_random_grouped_scaling,101,53.00590774720274,64.62658132946908,-0.15962090416845442,36.09410740319056,36,9,27,10,10,
RandomForest,SOLO_A,A,CT,random,loeo,grouped_scaling,SOLO_A_A_CT_random_grouped_scaling,101,54.190520557220545,64.8450565491446,-0.1674745352492193,36.095492382167436,36,9,27,10,10,
XGBoost,SOLO_A,A,CT,random,loeo,grouped_scaling,SOLO_A_A_CT_random_grouped_scaling,101,53.93717727661133,63.50777286014634,-0.11981797813136041,33.54686729871644,36,9,27,10,10,
MLP,SOLO_A,A,CT,none,loeo,grouped_scaling,SOLO_A_A_CT_random_grouped_scaling,101,180.55934184971215,292.4107172145575,-22.73997416266583,108.0077912918165,36,9,27,10,10,
DummyRegressor,SOLO_A,A,CT,none,loeo,grouped_scaling,SOLO_A_A_CT_grid_grouped_scaling,101,56.35555555555557,66.6823129787617,-0.23456790123456805,38.43096405818544,36,9,27,10,10,
Ridge,SOLO_A,A,CT,grid,loeo,grouped_scaling,SOLO_A_A_CT_grid_grouped_scaling,101,22.739947537205484,30.93283900078574,0.7343356789039226,17.286024447238688,36,9,27,10,10,
Lasso,SOLO_A,A,CT,grid,loeo,grouped_scaling,SOLO_A_A_CT_grid_grouped_scaling,101,29.465169367714743,47.0245903434833,0.38603486225288053,15.722409732062134,36,9,27,10,10,
ElasticNet,SOLO_A,A,CT,grid,loeo,grouped_scaling,SOLO_A_A_CT_grid_grouped_scaling,101,23.527293275767406,29.285454022415074,0.7618790575260538,16.75249732401313,36,9,27,10,10,
SVR,SOLO_A,A,CT,grid,loeo,grouped_scaling,SOLO_A_A_CT_grid_grouped_scaling,101,53.00590774720274,64.62658132946908,-0.15962090416845442,36.09410740319056,36,9,27,10,10,
RandomForest,SOLO_A,A,CT,grid,loeo,grouped_scaling,SOLO_A_A_CT_grid_grouped_scaling,101,53.37199999999999,63.26048245152735,-0.11111412697927903,35.386541040663154,36,9,27,10,10,
XGBoost,SOLO_A,A,CT,grid,loeo,grouped_scaling,SOLO_A_A_CT_grid_grouped_scaling,101,50.27948226928711,60.50278649664141,-0.016352649411296882,30.717655657435966,36,9,27,10,10,
MLP,SOLO_A,A,CT,none,loeo,grouped_scaling,SOLO_A_A_CT_grid_grouped_scaling,101,180.55934184971215,292.4107172145575,-22.73997416266583,108.0077912918165,36,9,27,10,10,
DummyRegressor,SOLO_R,N,ST,none,loeo,none,SOLO_R_N_ST,99,56.35555555555557,66.6823129787617,-0.23456790123456805,38.43096405818544,9,9,0,10,10,
Ridge,SOLO_R,N,ST,none,loeo,none,SOLO_R_N_ST,99,48.68942467274201,84.29088249161344,-0.9726719598896592,28.051581296177307,9,9,0,10,10,
Lasso,SOLO_R,N,ST,none,loeo,none,SOLO_R_N_ST,99,37.53026424159558,43.80970041639095,0.46711409072576326,23.458665886124805,9,9,0,10,10,
ElasticNet,SOLO_R,N,ST,none,loeo,none,SOLO_R_N_ST,99,30.947568337376413,40.38287131045267,0.5472191401046227,20.522088167744666,9,9,0,10,10,
SVR,SOLO_R,N,ST,none,loeo,none,SOLO_R_N_ST,99,56.57074862033271,66.06663648859205,-0.21187566306810468,37.2277903748075,9,9,0,10,10,
RandomForest,SOLO_R,N,ST,none,loeo,none,SOLO_R_N_ST,99,47.380425000000024,59.09598494562968,0.0303620143060368,31.743312908188305,9,9,0,10,10,
XGBoost,SOLO_R,N,ST,none,loeo,none,SOLO_R_N_ST,99,44.03835525512695,58.50942457270663,0.04951487667477039,27.828235621720072,9,9,0,10,10,
MLP,SOLO_R,N,ST,none,loeo,none,SOLO_R_N_ST,99,273.5412853046249,682.3303351009896,-128.26561869539822,119.5560800341958,9,9,0,10,10,
DummyRegressor,SOLO_R,N,CT,none,loeo,none,SOLO_R_N_CT_random,99,56.35555555555557,66.6823129787617,-0.23456790123456805,38.43096405818544,9,9,0,10,10,
Ridge,SOLO_R,N,CT,random,loeo,none,SOLO_R_N_CT_random,99,53.96599498257531,93.68938265805167,-1.4371060315704103,31.592724335296484,9,9,0,10,10,
Lasso,SOLO_R,N,CT,random,loeo,none,SOLO_R_N_CT_random,99,37.53026424159558,43.80970041639095,0.46711409072576326,23.458665886124805,9,9,0,10,10,
ElasticNet,SOLO_R,N,CT,random,loeo,none,SOLO_R_N_CT_random,99,33.261153534108395,37.38160503591478,0.6120198031865237,21.784892753433272,9,9,0,10,10,
SVR,SOLO_R,N,CT,random,loeo,none,SOLO_R_N_CT_random,99,49.79410008462102,63.976650429771055,-0.13641423893036997,35.01930058931643,9,9,0,10,10,
RandomForest,SOLO_R,N,CT,random,loeo,none,SOLO_R_N_CT_random,99,47.1365,59.06075865157845,0.031517645188786525,30.72500163443353,9,9,0,10,10,
XGBoost,SOLO_R,N,CT,random,loeo,none,SOLO_R_N_CT_random,99,43.34657669067383,57.06189238316583,0.09596340541579151,27.135733546738134,9,9,0,10,10,
MLP,SOLO_R,N,CT,none,loeo,none,SOLO_R_N_CT_random,99,273.5412853046249,682.3303351009896,-128.26561869539822,119.5560800341958,9,9,0,10,10,
DummyRegressor,SOLO_R,N,CT,none,loeo,none,SOLO_R_N_CT_grid,99,56.35555555555557,66.6823129787617,-0.23456790123456805,38.43096405818544,9,9,0,10,10,
Ridge,SOLO_R,N,CT,grid,loeo,none,SOLO_R_N_CT_grid,99,53.96599498257531,93.68938265805167,-1.4371060315704103,31.592724335296484,9,9,0,10,10,
Lasso,SOLO_R,N,CT,grid,loeo,none,SOLO_R_N_CT_grid,99,37.53026424159558,43.80970041639095,0.46711409072576326,23.458665886124805,9,9,0,10,10,
ElasticNet,SOLO_R,N,CT,grid,loeo,none,SOLO_R_N_CT_grid,99,33.261153534108395,37.38160503591478,0.6120198031865237,21.784892753433272,9,9,0,10,10,
SVR,SOLO_R,N,CT,grid,loeo,none,SOLO_R_N_CT_grid,99,49.81505631047086,63.98633658618968,-0.13675837446341998,35.02285695375068,9,9,0,10,10,
RandomForest,SOLO_R,N,CT,grid,loeo,none,SOLO_R_N_CT_grid,99,47.1365,59.06075865157845,0.031517645188786525,30.72500163443353,9,9,0,10,10,
XGBoost,SOLO_R,N,CT,grid,loeo,none,SOLO_R_N_CT_grid,99,41.4780387878418,57.30399846413892,0.08827571501766229,25.876915219046776,9,9,0,10,10,
MLP,SOLO_R,N,CT,none,loeo,none,SOLO_R_N_CT_grid,99,273.5412853046249,682.3303351009896,-128.26561869539822,119.5560800341958,9,9,0,10,10,
DummyRegressor,SOLO_R,A,ST,none,loeo,feature_noise,SOLO_R_A_ST_feature_noise,99,56.35555555555557,66.6823129787617,-0.23456790123456805,38.43096405818544,36,9,27,10,10,
Ridge,SOLO_R,A,ST,none,loeo,feature_noise,SOLO_R_A_ST_feature_noise,99,52.37595621929823,90.29945464377205,-1.2639348497407172,30.679341457964526,36,9,27,10,10,
Lasso,SOLO_R,A,ST,none,loeo,feature_noise,SOLO_R_A_ST_feature_noise,99,37.722731545519856,44.1734548108626,0.45822819011982696,23.54870667833802,36,9,27,10,10,
ElasticNet,SOLO_R,A,ST,none,loeo,feature_noise,SOLO_R_A_ST_feature_noise,99,31.046308954968538,40.50616987342628,0.5444500226796679,20.560324786648714,36,9,27,10,10,
SVR,SOLO_R,A,ST,none,loeo,feature_noise,SOLO_R_A_ST_feature_noise,99,53.208002483101566,64.11504793639656,-0.1413362537826488,35.441013984078005,36,9,27,10,10,
RandomForest,SOLO_R,A,ST,none,loeo,feature_noise,SOLO_R_A_ST_feature_noise,99,51.21884365079366,63.98582642643383,-0.1367402479041,32.99750815500826,36,9,27,10,10,
XGBoost,SOLO_R,A,ST,none,loeo,feature_noise,SOLO_R_A_ST_feature_noise,99,47.4587905883789,59.74654485261384,0.008895928904098516,29.490822765224706,36,9,27,10,10,
MLP,SOLO_R,A,ST,none,loeo,feature_noise,SOLO_R_A_ST_feature_noise,99,283.9088049886122,704.2080390975418,-136.6878527384658,124.93123071921725,36,9,27,10,10,
DummyRegressor,SOLO_R,A,CT,none,loeo,feature_noise,SOLO_R_A_CT_random_feature_noise,99,56.35555555555557,66.6823129787617,-0.23456790123456805,38.43096405818544,36,9,27,10,10,
Ridge,SOLO_R,A,CT,random,loeo,feature_noise,SOLO_R_A_CT_random_feature_noise,99,54.734475341598866,95.3843738289404,-1.526086023710827,31.859925791409953,36,9,27,10,10,
Lasso,SOLO_R,A,CT,random,loeo,feature_noise,SOLO_R_A_CT_random_feature_noise,99,37.722731545519856,44.1734548108626,0.45822819011982696,23.54870667833802,36,9,27,10,10,
ElasticNet,SOLO_R,A,CT,random,loeo,feature_noise,SOLO_R_A_CT_random_feature_noise,99,31.046308954968538,40.50616987342628,0.5444500226796679,20.560324786648714,36,9,27,10,10,
SVR,SOLO_R,A,CT,random,loeo,feature_noise,SOLO_R_A_CT_random_feature_noise,99,53.098022368076826,64.09256248178006,-0.14053584997067525,35.24704995571069,36,9,27,10,10,
RandomForest,SOLO_R,A,CT,random,loeo,feature_noise,SOLO_R_A_CT_random_feature_noise,99,53.335874009324,64.02140488925248,-0.13800473777410072,34.4943388184327,36,9,27,10,10,
XGBoost,SOLO_R,A,CT,random,loeo,feature_noise,SOLO_R_A_CT_random_feature_noise,99,39.12855987548828,54.519089978370005,0.17473986598802105,24.717257676648696,36,9,27,10,10,
MLP,SOLO_R,A,CT,none,loeo,feature_noise,SOLO_R_A_CT_random_feature_noise,99,283.9088049886122,704.2080390975418,-136.6878527384658,124.93123071921725,36,9,27,10,10,
DummyRegressor,SOLO_R,A,CT,none,loeo,feature_noise,SOLO_R_A_CT_grid_feature_noise,99,56.35555555555557,66.6823129787617,-0.23456790123456805,38.43096405818544,36,9,27,10,10,
Ridge,SOLO_R,A,CT,grid,loeo,feature_noise,SOLO_R_A_CT_grid_feature_noise,99,54.734475341598866,95.3843738289404,-1.526086023710827,31.859925791409953,36,9,27,10,10,
Lasso,SOLO_R,A,CT,grid,loeo,feature_noise,SOLO_R_A_CT_grid_feature_noise,99,37.722731545519856,44.1734548108626,0.45822819011982696,23.54870667833802,36,9,27,10,10,
ElasticNet,SOLO_R,A,CT,grid,loeo,feature_noise,SOLO_R_A_CT_grid_feature_noise,99,31.046308954968538,40.50616987342628,0.5444500226796679,20.560324786648714,36,9,27,10,10,
SVR,SOLO_R,A,CT,grid,loeo,feature_noise,SOLO_R_A_CT_grid_feature_noise,99,53.098022368076826,64.09256248178006,-0.14053584997067525,35.24704995571069,36,9,27,10,10,
RandomForest,SOLO_R,A,CT,grid,loeo,feature_noise,SOLO_R_A_CT_grid_feature_noise,99,53.335874009324,64.02140488925248,-0.13800473777410072,34.4943388184327,36,9,27,10,10,
XGBoost,SOLO_R,A,CT,grid,loeo,feature_noise,SOLO_R_A_CT_grid_feature_noise,99,40.1217529296875,54.66125036266046,0.1704304670281317,24.345115752091793,36,9,27,10,10,
MLP,SOLO_R,A,CT,none,loeo,feature_noise,SOLO_R_A_CT_grid_feature_noise,99,283.9088049886122,704.2080390975418,-136.6878527384658,124.93123071921725,36,9,27,10,10,
DummyRegressor,SOLO_R,A,ST,none,loeo,feature_scaling,SOLO_R_A_ST_feature_scaling,99,56.35555555555557,66.6823129787617,-0.23456790123456805,38.43096405818544,36,9,27,10,10,
Ridge,SOLO_R,A,ST,none,loeo,feature_scaling,SOLO_R_A_ST_feature_scaling,99,62.23616444673572,120.51205310416967,-3.032316757794871,33.97205284765703,36,9,27,10,10,
Lasso,SOLO_R,A,ST,none,loeo,feature_scaling,SOLO_R_A_ST_feature_scaling,99,37.53363704250818,43.827759986488694,0.46667465955335996,23.573809379989225,36,9,27,10,10,
ElasticNet,SOLO_R,A,ST,none,loeo,feature_scaling,SOLO_R_A_ST_feature_scaling,99,30.17538373254596,39.109063902826456,0.5753330021863727,20.05715580163005,36,9,27,10,10,
SVR,SOLO_R,A,ST,none,loeo,feature_scaling,SOLO_R_A_ST_feature_scaling,99,53.249135794824745,64.17823732321988,-0.1435870788200908,35.51518392051026,36,9,27,10,10,
RandomForest,SOLO_R,A,ST,none,loeo,feature_scaling,SOLO_R_A_ST_feature_scaling,99,53.49806388888889,65.32378169850439,-0.18477616213329195,35.25670075998107,36,9,27,10,10,
XGBoost,SOLO_R,A,ST,none,loeo,feature_scaling,SOLO_R_A_ST_feature_scaling,99,53.84126586914063,64.0798718137046,-0.14008423036430484,35.89406672331709,36,9,27,10,10,
MLP,SOLO_R,A,ST,none,loeo,feature_scaling,SOLO_R_A_ST_feature_scaling,99,263.5987937082518,645.4563320590024,-114.67177535963982,116.03320992963222,36,9,27,10,10,
DummyRegressor,SOLO_R,A,CT,none,loeo,feature_scaling,SOLO_R_A_CT_random_feature_scaling,99,56.35555555555557,66.6823129787617,-0.23456790123456805,38.43096405818544,36,9,27,10,10,
Ridge,SOLO_R,A,CT,random,loeo,feature_scaling,SOLO_R_A_CT_random_feature_scaling,99,62.23616444673572,120.51205310416967,-3.032316757794871,33.97205284765703,36,9,27,10,10,
Lasso,SOLO_R,A,CT,random,loeo,feature_scaling,SOLO_R_A_CT_random_feature_scaling,99,37.53363704250818,43.827759986488694,0.46667465955335996,23.573809379989225,36,9,27,10,10,
ElasticNet,SOLO_R,A,CT,random,loeo,feature_scaling,SOLO_R_A_CT_random_feature_scaling,99,31.2438657176644,37.19559634847327,0.615871330481369,20.52102960114038,36,9,27,10,10,
SVR,SOLO_R,A,CT,random,loeo,feature_scaling,SOLO_R_A_CT_random_feature_scaling,99,53.21545190667391,64.2505516756848,-0.1461656585185962,35.389669276810565,36,9,27,10,10,
RandomForest,SOLO_R,A,CT,random,loeo,feature_scaling,SOLO_R_A_CT_random_feature_scaling,99,52.678719769119745,64.5324383851024,-0.15624487502451245,34.88123777558945,36,9,27,10,10,
XGBoost,SOLO_R,A,CT,random,loeo,feature_scaling,SOLO_R_A_CT_random_feature_scaling,99,44.457392883300784,55.453393181843985,0.14621224608997974,28.551343864001716,36,9,27,10,10,
MLP,SOLO_R,A,CT,none,loeo,feature_scaling,SOLO_R_A_CT_random_feature_scaling,99,263.5987937082518,645.4563320590024,-114.67177535963982,116.03320992963222,36,9,27,10,10,
DummyRegressor,SOLO_R,A,CT,none,loeo,feature_scaling,SOLO_R_A_CT_grid_feature_scaling,99,56.35555555555557,66.6823129787617,-0.23456790123456805,38.43096405818544,36,9,27,10,10,
Ridge,SOLO_R,A,CT,grid,loeo,feature_scaling,SOLO_R_A_CT_grid_feature_scaling,99,62.23616444673572,120.51205310416967,-3.032316757794871,33.97205284765703,36,9,27,10,10,
Lasso,SOLO_R,A,CT,grid,loeo,feature_scaling,SOLO_R_A_CT_grid_feature_scaling,99,37.53363704250818,43.827759986488694,0.46667465955335996,23.573809379989225,36,9,27,10,10,
ElasticNet,SOLO_R,A,CT,grid,loeo,feature_scaling,SOLO_R_A_CT_grid_feature_scaling,99,31.2438657176644,37.19559634847327,0.615871330481369,20.52102960114038,36,9,27,10,10,
SVR,SOLO_R,A,CT,grid,loeo,feature_scaling,SOLO_R_A_CT_grid_feature_scaling,99,53.21545190667391,64.2505516756848,-0.1461656585185962,35.389669276810565,36,9,27,10,10,
RandomForest,SOLO_R,A,CT,grid,loeo,feature_scaling,SOLO_R_A_CT_grid_feature_scaling,99,53.49806388888889,65.32378169850439,-0.18477616213329195,35.25670075998107,36,9,27,10,10,
XGBoost,SOLO_R,A,CT,grid,loeo,feature_scaling,SOLO_R_A_CT_grid_feature_scaling,99,43.408468627929686,54.28684186024646,0.18175600921805934,27.76938848268949,36,9,27,10,10,
MLP,SOLO_R,A,CT,none,loeo,feature_scaling,SOLO_R_A_CT_grid_feature_scaling,99,263.5987937082518,645.4563320590024,-114.67177535963982,116.03320992963222,36,9,27,10,10,
DummyRegressor,SOLO_R,A,ST,none,loeo,grouped_scaling,SOLO_R_A_ST_grouped_scaling,99,56.35555555555557,66.6823129787617,-0.23456790123456805,38.43096405818544,36,9,27,10,10,
Ridge,SOLO_R,A,ST,none,loeo,grouped_scaling,SOLO_R_A_ST_grouped_scaling,99,61.31851149785018,115.42787547151131,-2.6992618564803523,34.09269069225013,36,9,27,10,10,
Lasso,SOLO_R,A,ST,none,loeo,grouped_scaling,SOLO_R_A_ST_grouped_scaling,99,38.35450570474369,45.98151466954419,0.41297010811438317,23.364155555493156,36,9,27,10,10,
ElasticNet,SOLO_R,A,ST,none,loeo,grouped_scaling,SOLO_R_A_ST_grouped_scaling,99,30.569514838352426,39.495579563560796,0.5668975383607249,20.437173565692785,36,9,27,10,10,
SVR,SOLO_R,A,ST,none,loeo,grouped_scaling,SOLO_R_A_ST_grouped_scaling,99,53.13183957997702,64.05433982366004,-0.13917590082570164,35.442298864691224,36,9,27,10,10,
RandomForest,SOLO_R,A,ST,none,loeo,grouped_scaling,SOLO_R_A_ST_grouped_scaling,99,52.677847222222226,64.61887979208366,-0.15934453703227014,34.3691653865495,36,9,27,10,10,
XGBoost,SOLO_R,A,ST,none,loeo,grouped_scaling,SOLO_R_A_ST_grouped_scaling,99,44.3121826171875,56.80403133285097,0.10411557472644384,27.18097514856737,36,9,27,10,10,
MLP,SOLO_R,A,ST,none,loeo,grouped_scaling,SOLO_R_A_ST_grouped_scaling,99,280.5578181322943,704.4850968685688,-136.79621558488287,122.39948845382753,36,9,27,10,10,
DummyRegressor,SOLO_R,A,CT,none,loeo,grouped_scaling,SOLO_R_A_CT_random_grouped_scaling,99,56.35555555555557,66.6823129787617,-0.23456790123456805,38.43096405818544,36,9,27,10,10,
Ridge,SOLO_R,A,CT,random,loeo,grouped_scaling,SOLO_R_A_CT_random_grouped_scaling,99,61.31851149785018,115.42787547151131,-2.6992618564803523,34.09269069225013,36,9,27,10,10,
Lasso,SOLO_R,A,CT,random,loeo,grouped_scaling,SOLO_R_A_CT_random_grouped_scaling,99,125.92813129366566,324.23616395119217,-28.188822473279032,51.8898865981763,36,9,27,10,10,
ElasticNet,SOLO_R,A,CT,random,loeo,grouped_scaling,SOLO_R_A_CT_random_grouped_scaling,99,31.5782936423632,37.248268075777766,0.614782650743122,21.096541891808812,36,9,27,10,10,
SVR,SOLO_R,A,CT,random,loeo,grouped_scaling,SOLO_R_A_CT_random_grouped_scaling,99,53.04440448967017,64.04488670070647,-0.1388396870653299,35.27602638034736,36,9,27,10,10,
RandomForest,SOLO_R,A,CT,random,loeo,grouped_scaling,SOLO_R_A_CT_random_grouped_scaling,99,51.98351445915195,64.04262361605333,-0.13875920460324775,34.176606101966165,36,9,27,10,10,
XGBoost,SOLO_R,A,CT,random,loeo,grouped_scaling,SOLO_R_A_CT_random_grouped_scaling,99,39.96691131591797,54.16969497255055,0.18528361590831843,25.524553894070745,36,9,27,10,10,
MLP,SOLO_R,A,CT,none,loeo,grouped_scaling,SOLO_R_A_CT_random_grouped_scaling,99,280.5578181322943,704.4850968685688,-136.79621558488287,122.39948845382753,36,9,27,10,10,
DummyRegressor,SOLO_R,A,CT,none,loeo,grouped_scaling,SOLO_R_A_CT_grid_grouped_scaling,99,56.35555555555557,66.6823129787617,-0.23456790123456805,38.43096405818544,36,9,27,10,10,
Ridge,SOLO_R,A,CT,grid,loeo,grouped_scaling,SOLO_R_A_CT_grid_grouped_scaling,99,61.31851149785018,115.42787547151131,-2.6992618564803523,34.09269069225013,36,9,27,10,10,
Lasso,SOLO_R,A,CT,grid,loeo,grouped_scaling,SOLO_R_A_CT_grid_grouped_scaling,99,125.92813129366566,324.23616395119217,-28.188822473279032,51.8898865981763,36,9,27,10,10,
ElasticNet,SOLO_R,A,CT,grid,loeo,grouped_scaling,SOLO_R_A_CT_grid_grouped_scaling,99,31.5782936423632,37.248268075777766,0.614782650743122,21.096541891808812,36,9,27,10,10,
SVR,SOLO_R,A,CT,grid,loeo,grouped_scaling,SOLO_R_A_CT_grid_grouped_scaling,99,53.04440448967017,64.04488670070647,-0.1388396870653299,35.27602638034736,36,9,27,10,10,
RandomForest,SOLO_R,A,CT,grid,loeo,grouped_scaling,SOLO_R_A_CT_grid_grouped_scaling,99,51.98351445915195,64.04262361605333,-0.13875920460324775,34.176606101966165,36,9,27,10,10,
XGBoost,SOLO_R,A,CT,grid,loeo,grouped_scaling,SOLO_R_A_CT_grid_grouped_scaling,99,41.169429016113284,53.08336090440634,0.21763305423080392,25.519750268508467,36,9,27,10,10,
MLP,SOLO_R,A,CT,none,loeo,grouped_scaling,SOLO_R_A_CT_grid_grouped_scaling,99,280.5578181322943,704.4850968685688,-136.79621558488287,122.39948845382753,36,9,27,10,10,
